Tool Name,Uses,Unique Feature,Free/Paid
ChatGPT,ChatGPT is an AI chatbot developed by OpenAI that can understand and generate human-like text.,ChatGPT is an AI chatbot developed by OpenAI that can understand and generate human-like t.,Free & Paid
Claude,AI chatbot developed by Anthropic that generates human-like text and is especially good at analyzing long documents.,AI chatbot developed by Anthropic that generates human-like text and is especially good at.,Free & Paid
Gemini,"AI assistant developed by Google that can generate text, answer questions, and help with writing, research, and coding.","AI assistant developed by Google that can generate text, answer questions, and help with w.",Free & Paid
Copy.ai,"AI writing assistant mainly used for marketing and content creation such as ads, social media posts, and product descriptions.","AI writing assistant mainly used for marketing and content creation such as ads, social me.",Free & Paid
Writesonic,"AI writing assistant designed to create blogs, marketing content, and SEO-optimized articles quickly.","AI writing assistant designed to create blogs, marketing content, and SEO-optimized articl.",Free & Paid
QuillBot,"AI writing tool used for paraphrasing, grammar checking, and summarizing text.","AI writing tool used for paraphrasing, grammar checking, and summarizing text.",Free & Paid
Grammarly AI,"AI writing assistant that checks grammar, spelling, clarity, and tone to improve written communication.","AI writing assistant that checks grammar, spelling, clarity, and tone to improve written c.",Free & Paid
Notion AI,"AI assistant integrated into the Notion workspace that helps with writing, summarizing notes, organizing knowledge, and automating tasks.","AI assistant integrated into the Notion workspace that helps with writing, summarizing not.",Free & Paid
Jasper AI,"AI content generation tool mainly used for marketing, blog writing, and business communication.","AI content generation tool mainly used for marketing, blog writing, and business communica.",Free & Paid
Rytr,"AI writing assistant used for generating marketing content, blog ideas, emails, and social media posts.","AI writing assistant used for generating marketing content, blog ideas, emails, and social.",Free & Paid
Midjourney,AI image generator that creates high-quality artwork from text prompts.,AI image generator that creates high-quality artwork from text prompts.,Free & Paid
DALL·E,AI image generation tool developed by OpenAI that creates images from text prompts.,AI image generation tool developed by OpenAI that creates images from text prompts.,Free & Paid
Leonardo AI,"AI image generation platform used to create artwork, illustrations, and game assets from text prompts.","AI image generation platform used to create artwork, illustrations, and game assets from t.",Free & Paid
Playground AI,Web-based AI image generator that creates and edits images from text prompts.,Web-based AI image generator that creates and edits images from text prompts.,Free & Paid
Canva AI,"AI-powered design tools inside Canva that generate images, layouts, and design elements from text prompts.","AI-powered design tools inside Canva that generate images, layouts, and design elements fr.",Free & Paid
Adobe Firefly,AI image generation tool by Adobe used to create and edit images using text prompts.,AI image generation tool by Adobe used to create and edit images using text prompts.,Free & Paid
Ideogram,AI image generator that specializes in creating images with accurate text and typography.,AI image generator that specializes in creating images with accurate text and typography.,Free & Paid
Stable Diffusion,Open-source AI model that generates images from text prompts.,Open-source AI model that generates images from text prompts.,Free & Paid
DreamStudio,Official web platform for generating images using Stable Diffusion.,Official web platform for generating images using Stable Diffusion.,Free & Paid
NightCafe,AI image generator that creates digital artwork from text prompts using multiple AI models.,AI image generator that creates digital artwork from text prompts using multiple AI models.,Free & Paid
Runway ML,AI video generation platform that creates and edits videos using text prompts and AI models.,AI video generation platform that creates and edits videos using text prompts and AI model.,Free & Paid
Pika Labs,AI video generator that creates short animated videos from text prompts or images.,AI video generator that creates short animated videos from text prompts or images.,Free & Paid
Synthesia,AI video platform that generates videos using AI avatars and text scripts.,AI video platform that generates videos using AI avatars and text scripts.,Free & Paid
Luma AI,AI platform that generates videos and 3D scenes from text prompts or images.,AI platform that generates videos and 3D scenes from text prompts or images.,Free & Paid
InVideo AI,"AI video generator that creates complete videos from text prompts including script, visuals, and voiceover.","AI video generator that creates complete videos from text prompts including script, visual.",Free & Paid
HyGen,AI video generator that creates videos using realistic AI avatars and text scripts.,AI video generator that creates videos using realistic AI avatars and text scripts.,Free & Paid
Kaiber AI,"AI video generator that creates animated videos and music visuals from text prompts, images, or audio.","AI video generator that creates animated videos and music visuals from text prompts, image.",Free & Paid
Pictory AI,"AI video generator that converts text, scripts, or blog articles into videos automatically.","AI video generator that converts text, scripts, or blog articles into videos automatically.",Free & Paid
Descript,AI-powered video and podcast editor that allows users to edit media by editing text transcripts.,AI-powered video and podcast editor that allows users to edit media by editing text transc.,Free & Paid
VEED AI,"AI-powered online video editor that allows users to create, edit, and generate videos using AI tools.","AI-powered online video editor that allows users to create, edit, and generate videos usin.",Free & Paid
GitHub Copilot,AI coding assistant that suggests and generates code in real time inside code editors.,AI coding assistant that suggests and generates code in real time inside code editors.,Free & Paid
Cursor AI,"AI-powered code editor that allows developers to generate, edit, and understand code using natural language.","AI-powered code editor that allows developers to generate, edit, and understand code using.",Free & Paid
Codeium,AI coding assistant that provides real-time code suggestions and autocompletion.,AI coding assistant that provides real-time code suggestions and autocompletion.,Free & Paid
Replit AI,"AI coding platform that allows users to write, run, and deploy applications directly from a browser.","AI coding platform that allows users to write, run, and deploy applications directly from.",Free & Paid
Tabnine,AI coding assistant that provides intelligent code autocompletion inside code editors.,AI coding assistant that provides intelligent code autocompletion inside code editors.,Free & Paid
Amazon CodeWhispere,AI coding assistant developed by AWS that generates real-time code suggestions and cloud development code.,AI coding assistant developed by AWS that generates real-time code suggestions and cloud d.,Free & Paid
Cody AI,AI coding assistant by Sourcegraph designed to understand and analyze large codebases.,AI coding assistant by Sourcegraph designed to understand and analyze large codebases.,Free & Paid
Blackbox AI,AI coding assistant that searches code examples and generates programming solutions.,AI coding assistant that searches code examples and generates programming solutions.,Free & Paid
Ask Codi,AI coding assistant that generates code and SQL queries from natural language prompts.,AI coding assistant that generates code and SQL queries from natural language prompts.,Free & Paid
Mutable AI,"AI coding assistant that helps developers generate, refactor, and document code.","AI coding assistant that helps developers generate, refactor, and document code.",Free & Paid
Perplexity AI,AI-powered search engine that provides summarized answers with citations from reliable sources.,AI-powered search engine that provides summarized answers with citations from reliable sou.,Free & Paid
Elicit AI,"AI research assistant that helps find, summarize, and analyze academic research papers.","AI research assistant that helps find, summarize, and analyze academic research papers.",Free & Paid
Consensus AI,AI search engine that finds answers from scientific research papers.,AI search engine that finds answers from scientific research papers.,Free & Paid
SciSpace,"AI platform that helps users read, understand, and analyze research papers.","AI platform that helps users read, understand, and analyze research papers.",Free & Paid
Explainpaper,AI tool that explains complex research papers by simplifying highlighted text.,AI tool that explains complex research papers by simplifying highlighted text.,Free & Paid
Research Rabbit,AI platform that helps discover and explore research papers using recommendation systems.,AI platform that helps discover and explore research papers using recommendation systems.,Free & Paid
Connected Papers,AI research tool that visualizes relationships between academic papers using graphs.,AI research tool that visualizes relationships between academic papers using graphs.,Free & Paid
Scholarcy,AI tool that summarizes research papers and extracts key findings automatically.,AI tool that summarizes research papers and extracts key findings automatically.,Free & Paid
Paperpile AI,Reference management tool that helps organize research papers and generate citations.,Reference management tool that helps organize research papers and generate citations.,Free & Paid
Scite AI,AI tool that analyzes research citations and shows whether studies support or contradict claims.,AI tool that analyzes research citations and shows whether studies support or contradict c.,Free & Paid
Mem AI,AI-powered note-taking tool that automatically organizes and connects notes.,AI-powered note-taking tool that automatically organizes and connects notes.,Free & Paid
Taskade AI,"AI-powered workspace for managing tasks, projects, and team collaboration.","AI-powered workspace for managing tasks, projects, and team collaboration.",Free & Paid
Motion AI,AI scheduling tool that automatically plans tasks and meetings in a calendar.,AI scheduling tool that automatically plans tasks and meetings in a calendar.,Free & Paid
Rewind AI,AI tool that records and allows users to search everything they have seen or done on their computer.,AI tool that records and allows users to search everything they have seen or done on their.,Free & Paid
Fireflies AI,"AI meeting assistant that records, transcribes, and summarizes meetings automatically.","AI meeting assistant that records, transcribes, and summarizes meetings automatically.",Free & Paid
Otter AI,AI transcription tool that converts meetings and conversations into text.,AI transcription tool that converts meetings and conversations into text.,Free & Paid
Tome AI,AI-powered presentation generator that creates slides and storytelling content from prompts.,AI-powered presentation generator that creates slides and storytelling content from prompt.,Free & Paid
Reflect AI,AI-powered note-taking and personal knowledge management tool.,AI-powered note-taking and personal knowledge management tool.,Free & Paid
SuperHuman AI,"AI-powered email productivity tool that helps manage inboxes, generate replies, and streamline communication.","AI-powered email productivity tool that helps manage inboxes, generate replies, and stream.",Free & Paid
ClickUp AI,"AI-powered assistant built into the ClickUp platform that helps teams write faster, summarize content, and automate workflows directly inside tasks and docs.","AI-powered assistant built into the ClickUp platform that helps teams write faster, summar.",Free & Paid
ElevenLabs,"AI-powered voice generation and text-to-speech platform that creates realistic, human-like voices in multiple languages and accents.","AI-powered voice generation and text-to-speech platform that creates realistic, human-like.",Free & Paid
Murf AI,AI-powered text-to-speech platform for creating studio-quality voiceovers in multiple languages and accents.,AI-powered text-to-speech platform for creating studio-quality voiceovers in multiple lang.,Free & Paid
PlayHT,"AI-powered text-to-speech platform that creates realistic voices in multiple languages and accents, with support for real-time synthesis and voice cloning.",AI-powered text-to-speech platform that creates realistic voices in multiple languages and.,Free & Paid
Speechify,"AI-powered text-to-speech platform that converts books, articles, PDFs, and documents into natural-sounding audio for faster and more accessible learning.","AI-powered text-to-speech platform that converts books, articles, PDFs, and documents into.",Free & Paid
Descript OverDub,"AI-powered voice cloning and text-to-speech tool integrated into Descript, enabling users to create synthetic voices and correct audio recordings without re-recording.","AI-powered voice cloning and text-to-speech tool integrated into Descript, enabling users.",Free & Paid
Resemble AI,AI-powered voice generation and cloning platform that creates realistic synthetic voices with emotional range and multilingual support.,AI-powered voice generation and cloning platform that creates realistic synthetic voices w.,Free & Paid
Lovo AI,"AI-powered text-to-speech platform that creates realistic voiceovers in multiple languages and accents, with emotional tone and customization options.",AI-powered text-to-speech platform that creates realistic voiceovers in multiple languages.,Free & Paid
Voicemod AI,"AI-powered real-time voice changer and soundboard platform for gamers, streamers, and content creators.","AI-powered real-time voice changer and soundboard platform for gamers, streamers, and cont.",Free & Paid
Cleanvoice AI,"AI-powered audio editing tool that removes filler words, mouth sounds, stuttering, and background noise to produce clean, professional recordings.","AI-powered audio editing tool that removes filler words, mouth sounds, stuttering, and bac.",Free & Paid
Listnr AI,AI-powered text-to-speech and audio publishing platform that converts written content into realistic voiceovers and podcasts.,AI-powered text-to-speech and audio publishing platform that converts written content into.,Free & Paid
Surfer SEO,"AI-powered SEO platform that helps optimize content, conduct keyword research, and audit websites for higher rankings.","AI-powered SEO platform that helps optimize content, conduct keyword research, and audit w.",Free & Paid
Growthbar AI,"AI-powered SEO writing tool that helps bloggers and marketers research, write, and optimize long-form content quickly.","AI-powered SEO writing tool that helps bloggers and marketers research, write, and optimiz.",Free & Paid
Scalenut AI,"AI-powered SEO and content marketing platform that helps businesses plan, research, and write optimized content that ranks.","AI-powered SEO and content marketing platform that helps businesses plan, research, and wr.",Free & Paid
MarketMuse,"AI-powered content research and optimization platform that helps businesses plan, create, and improve content for higher search rankings.","AI-powered content research and optimization platform that helps businesses plan, create,.",Free & Paid
AdCreative AI,"AI-powered platform that generates conversion-focused ad creatives, social media posts, and banners optimized for multiple platforms.","AI-powered platform that generates conversion-focused ad creatives, social media posts, an.",Free & Paid
Ocoya AI,"AI-powered platform for social media content creation, scheduling, and analytics.","AI-powered platform for social media content creation, scheduling, and analytics.",Free & Paid
CopySmith AI,"AI-powered content creation platform for e-commerce, ads, blogs, and marketing campaigns.","AI-powered content creation platform for e-commerce, ads, blogs, and marketing campaigns.",Free & Paid
Peppertype AI,"AI-powered copywriting platform for ads, blogs, product descriptions, emails, and social media content.","AI-powered copywriting platform for ads, blogs, product descriptions, emails, and social m.",Free & Paid
Anyword AI,"AI-powered copywriting platform with predictive performance scoring to generate high-converting ads, emails, product descriptions, and social media posts.",AI-powered copywriting platform with predictive performance scoring to generate high-conve.,Free & Paid
Hypotenuse AI,"AI-powered content creation platform for e-commerce, ads, blogs, and marketing campaigns.","AI-powered content creation platform for e-commerce, ads, blogs, and marketing campaigns.",Free & Paid
Canva Magic Studio,"Canva’s AI-powered creative suite that generates text, images, videos, and designs with tools like Magic Write, Magic Design, Magic Eraser, and more.","Canva’s AI-powered creative suite that generates text, images, videos, and designs with to.",Free & Paid
Looka AI,"AI-powered logo and brand identity design platform that generates logos, brand kits, and marketing assets instantly.","AI-powered logo and brand identity design platform that generates logos, brand kits, and m.",Free & Paid
Khroma AI,AI-powered tool that learns your color preferences and generates unlimited personalized palettes with accessibility scoring.,AI-powered tool that learns your color preferences and generates unlimited personalized pa.,Free & Paid
Uizard AI,"AI-powered design platform that converts sketches and text prompts into wireframes, mockups, and prototypes.","AI-powered design platform that converts sketches and text prompts into wireframes, mockup.",Free & Paid
Galileo AI,"Text-to-UI design platform that generates mobile and web app mockups from text prompts, exportable to Figma.","Text-to-UI design platform that generates mobile and web app mockups from text prompts, ex.",Free & Paid
Fontjoy,AI-powered font pairing tool that uses deep learning to generate harmonious font combinations for design and branding.,AI-powered font pairing tool that uses deep learning to generate harmonious font combinati.,Free & Paid
Designs AI,"AI-powered platform for logos, videos, banners, and voiceovers, designed for businesses, marketers, and creators.","AI-powered platform for logos, videos, banners, and voiceovers, designed for businesses, m.",Free & Paid
Logo AI,"AI-powered logo and brand identity design platform that generates logos, brand kits, and marketing assets instantly.","AI-powered logo and brand identity design platform that generates logos, brand kits, and m.",Free & Paid
Autodraw,Free AI-powered sketch recognition tool that turns doodles into polished illustrations.,Free AI-powered sketch recognition tool that turns doodles into polished illustrations.,Free & Paid
Framer,"AI-powered platform that generates responsive websites from text prompts, with built-in CMS, SEO, and more.","AI-powered platform that generates responsive websites from text prompts, with built-in CM.",Free & Paid
Resume.io AI,"AI-powered resume builder with ATS-friendly templates, recruiter matching, and interview prep tools.","AI-powered resume builder with ATS-friendly templates, recruiter matching, and interview p.",Free & Paid
KickResume AI,"AI-powered resume and cover letter builder with ATS-friendly templates, job search integration, and interview prep tools.","AI-powered resume and cover letter builder with ATS-friendly templates, job search integra.",Free & Paid
Rezi AI,"AI-powered resume builder focused on ATS optimization, job description targeting, and LinkedIn profile generation.","AI-powered resume builder focused on ATS optimization, job description targeting, and Link.",Free & Paid
Teal AI,"AI-powered platform for ATS-friendly resumes, cover letters, job tracking, and interview prep.","AI-powered platform for ATS-friendly resumes, cover letters, job tracking, and interview p.",Free & Paid
Huntr AI,"AI-powered platform for job tracking, ATS-friendly resumes, cover letters, and career insights.","AI-powered platform for job tracking, ATS-friendly resumes, cover letters, and career insi.",Free & Paid
Interview WarmUp (Google),"Free AI-powered tool by Google to practice interview questions, analyze responses, and get feedback on keywords and skills.","Free AI-powered tool by Google to practice interview questions, analyze responses, and get.",Free & Paid
LoopCV AI,"AI-powered platform that automates job search by mass-applying daily, customizing applications, and contacting recruiters.","AI-powered platform that automates job search by mass-applying daily, customizing applicat.",Free & Paid
Jobscan AI,"AI-powered resume optimization tool that compares resumes against job descriptions, provides match scores, and ensures ATS compliance.","AI-powered resume optimization tool that compares resumes against job descriptions, provid.",Free & Paid
CareerFlow AI,"AI-powered career copilot offering ATS-friendly resumes, LinkedIn optimization, job tracking, autofill, and skill gap analysis.","AI-powered career copilot offering ATS-friendly resumes, LinkedIn optimization, job tracki.",Free & Paid
ResumeWorded AI,"AI-powered platform that improves resumes, cover letters, and LinkedIn profiles with ATS compliance and recruiter visibility insights.","AI-powered platform that improves resumes, cover letters, and LinkedIn profiles with ATS c.",Free & Paid
